Company_name,Scope 1 Emissions,Scope 2 Emissions,Total emissions
360 ONE WAM LIMITED,0.21,381.07,381.28
3i Infotech Limited,768.05,1319.51,2087.56
3M INDIA LIMITED,4550,10774,15324
5paisa Capital Limited,6.53,348,354.53
63 moons technologies limited,Not disclosed,Not disclosed,0
Aarti Drugs Limited,64666,78417,143083
Aarti Industries Limited,620823,171010,791833
Aarti Pharmalabs Limited,73461.1,105577.65,179038.75
Aavas Financiers Limited,33.02,2746.2,2779.22
ABANS FINANCIAL SERVICES LIMITED,0,101.24,101.24
ABB India Limited,2189.1,0,2189.1
ACC Limited,13488976,625212,14114188
Accelya Solutions India Limited,0.08,0,0.08
Action Construction Equipment Limited,Not disclosed,Not disclosed,0
Acutaas Chemicals Limited,43183,16552,59735
Adani Energy Solutions Limited,1340619,420669,1761288
Adani Enterprises Limited,1255719,419927,1675646
Adani Ports and Special Economic Zone Limited,150398.25,323098.43,473496.68
ADANI POWER LIMITED,86427664.95,1366.59,86429031.54
Adani Total Gas Limited,"80,662","45,200","125,862"
ADF FOODS LIMITED,4137.99,5545.23,9683.22
Aditya Birla Capital Limited,39.6,5541.77,5581.37
Aditya Birla Fashion and Retail Limited,3024,106953,109977
Aditya Birla Real Estate Limited,925173.06,19899.39,945072.45
Aditya Birla Sun Life AMC Limited,0.25,0,0.25
ADITYA VISION LIMITED,Not disclosed,Not disclosed,0
Ador Welding Limited,1616.59,11513.73,13130.32
Advanced Enzyme Technologies Limited,20232,7210,27442
Aegis Logistics Limited,Not disclosed,Not disclosed,0
Aether Industries Limited,7718.84,16496.52,24215.36
Afcons Infrastructure Limited,244138.8,37760.3,281899.1
Affle 3i Limited,Not disclosed,Not disclosed,0
Agarwal Industrial Corporation Limited,2,Not disclosed,2
AGI Greenpac Limited,298651.43,160620.25,459271.68
Ahluwalia Contracts (India) Limited,Not disclosed,Not disclosed,0
AIA ENGINEERING LIMITED,28902.21,147511.55,176413.76
Ajanta Pharma Limited,6392,43598.47,49990.47
AJMERA REALTY & INFRA INDIA LIMITED,3235,18912.79,22147.79
Akums Drugs and Pharmaceuticals Limited,41385.11,114101.23,155486.34
Akzo Nobel India Limited,304,8133,8437
Alembic Limited,379,1290,1669
ALEMBIC PHARMACEUTICALS LIMITED,80278.03,77965.98,158244.01
Alicon Castalloy Limited,14258.71,28662.36,42921.07
Alivus Life Sciences Limited,7232.78,88035.94,95268.72
Alkem Laboratories Limited,33018,76079,109097
ALKYL AMINES CHEMICALS LIMITED,360680,24352,385032
Allcargo Gati Limited,484.37,4611.82,5096.19
Allcargo Logistics Limited,0,1016.17,1016.17
Alldigi Tech Limited,615,3097,3712
ALOK INDUSTRIES LIMITED,969200,0,969200
Amara Raja Energy & Mobility Limited,6816,230765,237581
Amber Enterprises India Limited,8150.35,57550.75,65701.1
AMBIKA COTTON MILLS LIMITED,Not disclosed,Not disclosed,0
Ambuja Cements Limited,14756978,485448,15242426
Amines & Plasticizers Limited,14226,2276,16502
AMRUTANJAN HEALTH CARE LIMITED,38349600,110884600,149234200
Anand Rathi Wealth Limited,12.21,789.87,802.08
Anant Raj Limited,5.61,23383.67,23389.28
Andhra Paper Limited,901757.28,21850,923607.28
Angel One Limited,25.12,390.02,415.14
Anjani Portland Cement Limited,532215,9699.01,541914.01
Antony Waste Handling Cell Limited,26046,2723,28769
Anupam Rasayan India Limited,84581,32046,116627
APAR Industries Limited,39329,122479,161808
Apcotex Industries Limited,31001,24238,55239
Apeejay Surrendra Park Hotels Limited,1966.68,15346.54,17313.22
APEX FROZEN FOODS LIMITED,Not disclosed,Not disclosed,0
APL Apollo Tubes Limited,31243,124341,155584
Apollo Hospitals Enterprise Limited,13065,112024.3,125089.3
APOLLO MICRO SYSTEMS LIMITED,Not disclosed,Not disclosed,0
Apollo Pipes Limited,769,17367,18136
Apollo Tyres Limited,257515.55,241414.3,498929.85
Aptech Limited,485.05,10.81,495.86
Aptus Value Housing Finance India Limited,Not disclosed,Not disclosed,0
Archean Chemical Industries Limited,75631.92,19850.05,95481.97
Arihant Capital Markets Limited,0.15,555.43,555.58
Arman Financial Services Limited,Not disclosed,Not disclosed,0
Artemis Medicare Services Limited,3977.93,11572.8,15550.73
Arvind Fashions Limited,47.8,890.7,938.5
ARVIND LIMITED,253283,190808,444091
Arvind SmartSpaces Limited,357,2138,2495
Asahi India Glass Limited,260368,146799,407167
Ashapura Minechem Limited,38961.39,40604.88,79566.27
ASHIANA HOUSING LIMITED,2,.,2
Ashok Leyland Limited,30986.68,69608.31,100594.99
Ashoka Buildcon Limited,71192,11722,82914
Asian Paints Limited,87435,52727,140162
ASK Automotive Limited,13679.52,55270.17,68949.69
ASTEC LIFESCIENCES LIMITED,13444,13429,26873
Aster DM Healthcare Limited,3058,46335,49393
Astra Microwave Products Limited,127.63,6471.96,6599.59
Astral Limited,4059.31,88414.34,92473.65
AstraZeneca Pharma India Limited,312.04,1233.65,1545.69
Atul Limited,656894,144301,801195
AU Small Finance Bank Limited,316.89,28075.87,28392.76
Aurionpro Solutions Limited,96.35,920.12,1016.47
AUROBINDO PHARMA LIMITED,750616,474772,1225388
Authum Investment & Infrastructure Limited,Not disclosed,Not disclosed,0
AUTOLINE INDUSTRIES LIMITED,2014,13368,15382
Automotive Axles Limited,4841.99,2025.91,6867.9
Automotive Stampings and Assemblies Limited,412,7608,8020
Avadh Sugar & Energy Limited,39654,543,40197
Avalon Technologies Limited,22.73,2636.69,2659.42
AVANTEL LIMITED,Not disclosed,Not disclosed,0
Avanti Feeds Limited,39811,37492,77303
Avenue Supermarts Limited,15506,204890,220396
AVT NATURAL PRODUCTS LIMITED,57849,14371,72220
AWL AGRI BUSINESS LIMITED,523942,271353,795295
Axis Bank Limited,11347.36,128997.62,140344.98
AXISCADES Technologies Limited,98.02,1726.46,1824.48
Axita Cotton Limited,Not disclosed,Not disclosed,0
Azad Engineering Limited,Not disclosed,Not disclosed,0
Baazar Style Retail Limited,2124,18497,20621
Bajaj Auto Limited,23385,70779,94164
Bajaj Consumer Care Limited,36.7,790,826.7
BAJAJ ELECTRICALS LIMITED,1498.16,5106.96,6605.12
Bajaj Finance Limited,6169.13,35483.1,41652.23
Bajaj Finserv Limited,8966,49491,58457
BAJAJ HEALTHCARE LIMITED,35515,12125,47640
Bajaj Hindusthan Sugar Limited,31363.08,16790.25,48153.33
Bajaj Holdings & Investment Limited,2055.64,7.74,2063.38
Bajaj Housing Finance Limited,205.83,2160.11,2365.94
Bajel Projects Limited,2600,3861,6461
Balaji Amines Limited,204176,23618,227794
Balaxi Pharmaceuticals Limited,0,25.3,25.3
Balkrishna Industries Limited,675773,83684,759457
Balmer Lawrie & Company Limited,8609.37,11798.86,20408.23
Balrampur Chini Mills Limited,3492,2088,5580
BALU FORGE INDUSTRIES LIMITED,1027,17234,18261
BANARAS BEADS LIMITED,Not disclosed,Not disclosed,0
BANCO PRODUCTS (I) LIMITED,Not disclosed,Not disclosed,0
Bandhan Bank Limited,0.47,1284.25,1284.72
Bank of Baroda,1806.97,170244.33,172051.3
BANK OF INDIA,9106.24,88417.59,97523.83
BANK OF MAHARASHTRA,804,31925,32729
BANNARI AMMAN SUGARS LIMITED,111742.61,8953.24,120695.85
Bansal Wire Industries Limited,31334,70053,101387
Barbeque Nation Hospitality Limited,6950,31971,38921
BASF India Limited,17750.55,14997.4,32747.95
BATA INDIA LIMITED,342.21,4452.89,4795.1
BCL INDUSTRIES LIMITED,0,0,0
BEML Limited,2829.31,8429.72,11259.03
BERGER PAINTS (I) LIMITED,8912,34120,43032
BEST AGROLIFE LIMITED,Not disclosed,Not disclosed,0
BF INVESTMENT LIMITED,Not disclosed,Not disclosed,0
BF UTILITIES LIMITED,Not disclosed,Not disclosed,0
Bhagiradha Chemicals & Industries Limited,Not disclosed,Not disclosed,0
Bhansali Engineering Polymers Limited,Not disclosed,Not disclosed,0
Bharat Bijlee Limited,1080.17,9500.81,10580.98
Bharat Dynamics Limited,3491,15317,18808
BHARAT ELECTRONICS LIMITED,9204.38,17926,27130.38
Bharat Forge Limited,78486,181232,259718
BHARAT HEAVY ELECTRICALS LIMITED,135975.14,161227.44,297202.58
Bharat Petroleum Corporation Limited,9935959.52,857339.13,10793298.65
Bharat Rasayan Limited,62826,40718,103544
Bharat Wire Ropes Limited,Not disclosed,Not disclosed,0
Bharti Airtel Limited,23218,490367,513585
Bharti Hexacom Limited,21448,129017,150465
BIGBLOC CONSTRUCTION LIMITED,12612.58,0,12612.58
Bikaji Foods International Limited,28050.26,14029.44,42079.7
Biocon Limited,23898,23656,47554
Birla Corporation Limited,10383044.11,479527.6,10862571.71
BirlaNu Limited,17946.34,50891.25,68837.59
Birlasoft Limited,472,3721,4193
Black Box Limited,5837,1953,7790
BLISS GVS PHARMA LIMITED,699,8581.6,9280.6
BLS E-Services Limited,0,19.19,19.19
BLS International Services Limited,19.84,322.8,342.64
Blue Dart Express Limited,170806,15906,186712
Blue Jet Healthcare Limited,23877,13449.73,37326.73
Blue Star Limited,2720.37,16463.5,19183.87
BODAL CHEMICALS LIMITED,337,167485,167822
Bombay Burmah Trading Corporation Limited,18433.29,4499.64,22932.93
Bombay Dyeing & Mfg Company Limited,91630.3,36466.61,128096.91
Borosil Limited,13389.2,46691.39,60080.59
Borosil Renewables Limited,116453.08,74618.38,191071.46
Bosch limited,8455.06,0,8455.06
Brainbees Solutions Limited,104.36,7409.78,7514.14
Brigade Enterprises Limited,6400.85,30756.8,37157.65
Britannia Industries Limited,105325,82969,188294
BSE Limited,77.49,19097.37,19174.86
Butterfly Gandhimathi Appliances Limited,289,4466,4755
C.E. INFO SYSTEMS LIMITED,Not disclosed,Not disclosed,0
Camlin Fine Sciences Limited,88420,37000,125420
Campus Activewear Limited,591.6,14111.51,14703.11
Can Fin Homes Limited,286.03,1882.84,2168.87
Canara Bank,17262.96,157897.79,175160.75
Cantabil Retail India Limited,Not disclosed,Not disclosed,0
CAPACITE INFRAPROJECTS LIMITED,1300.01,7507.49,8807.5
Capital India Finance Limited,Not disclosed,Not disclosed,0
Caplin Point Laboratories Limited,7502.51,13768.28,21270.79
Capri Global Capital Limited,83.58,5153.33,5236.91
Carborundum Universal Limited,54519,133529,188048
CARE Ratings Limited,11.53,475.26,486.79
CARTRADE TECH LIMITED,60.63,569.42,630.05
Carysil Limited,2170.65,5043.85,7214.5
Castrol India Limited,724,1047,1771
CCL Products (India) Limited,37339.07,34533.83,71872.9
CEAT Limited,100208,170128,270336
CEIGALL INDIA LIMITED,Not disclosed,Not disclosed,0
Cello World Limited,48.03,312.42,360.45
Central Bank of India,Not disclosed,Not disclosed,0
Central Depository Services (India) Limited,4.64,955.3,959.94
Centrum Capital Limited,.,Not disclosed,0
Centum Electronics Limited,1936,745,2681
Century Enka Limited,20342.84,114582.51,134925.35
Century Plyboards (India) Limited,50393,76345,126738
CERA Sanitaryware Limited,19832,5943,25775
CESC Limited,5515193.14,24567.6,5539760.74
CG Power and Industrial Solutions Limited,2181,31365,33546
Chalet Hotels Limited,5051.56,15228.93,20280.49
CHAMAN LAL SETIA EXPORTS LIMITED,0,0,0
Chambal Fertilizers & Chemicals Limited,1503917,7584,1511501
CHEMCON SPECIALITY CHEMICALS LIMITED,0,0,0
Chemplast Sanmar Limited,559948.66,80885.3,640833.96
CHENNAI PETROLEUM CORPORATION LIMITED,2414265.98,15007,2429272.98
Choice International Limited,Not disclosed,Not disclosed,0
Cholamandalam Financial Holdings Limited,621,13369,13990
Cholamandalam Investment and Finance Company Limited,356,16924,17280
CIE AUTOMOTIVE INDIA LIMITED,11006.7,80371.71,91378.41
CIGNITI TECHNOLOGIES LIMITED,36.5,1919.34,1955.84
Cipla Limited,778218,129087,907305
CITY UNION BANK LIMITED,330.06,31663.71,31993.77
Clean Science and Technology Limited,126116.54,8081.33,134197.87
CMS Info Systems Limited,28696.93,14497.95,43194.88
COAL INDIA LIMITED,26676819.21,8319234.08,34996053.29
Cochin Shipyard Limited,2687.63,28736.33,31423.96
Coforge Limited,1265,6344,7609
Cohance Lifesciences Limited,31818,25410,57228
Colgate Palmolive (India) Limited,2651.93,23048.46,25700.39
Computer Age Management Services Limited,908.5,6089.28,6997.78
Concord Biotech Limited,12.51,0.02,12.53
CONFIDENCE PETROLEUM INDIA LIMITED,Not disclosed,Not disclosed,0
Container Corporation of India Limited,28950.94,17105.63,46056.57
Control Print Limited,342.54,1045.45,1387.99
COROMANDEL INTERNATIONAL LIMITED,82938,164674,247612
COSMO FIRST LIMITED,24936,97897,122833
Craftsman Automation Limited,24522.74,97249.63,121772.37
CreditAccess Grameen Limited,83.12,4725.33,4808.45
Crisil Limited,750.58,1533.64,2284.22
Crompton Greaves Consumer Electricals Limited,767.69,6595.17,7362.86
CSB BANK LIMITED,191.99,8245.19,8437.18
Cummins India Limited,7541,18548,26089
CUPID LIMITED,1483.45,7483,8966.45
Cyient DLM Limited,118,2972,3090
Cyient Limited,1117,10630,11747
Cyient Limited,1211,8170,9381
D. P. Abhushan Limited,Not disclosed,Not disclosed,0
D.B.Corp Limited,265,18400,18665
Dabur India Limited,10970,51705,62675
Dalmia Bharat Limited,15.33,0.41,15.74
Dalmia Bharat Sugar and Industries Limited,120492,1053,121545
Data Patterns (India) Limited,207.69,2227.17,2434.86
Datamatics Global Services Limited,77.37,4215.05,4292.42
DCB Bank Limited,140.71,12782.44,12923.15
DCM NOUVELLE LIMITED,Not disclosed,Not disclosed,0
DCM SHRIRAM INDUSTRIES LIMITED,595010,22528.35,617538.35
DCM Shriram Limited,3250234,189123,3439357
DCW Limited,703584,46597,750181
DCX Systems Limited,45.08,352.83,397.91
DDEV PLASTIKS INDUSTRIES LIMITED,107.39,43759.85,43867.24
DEE Development Engineers Limited,2391,8189,10580
DEEP INDUSTRIES LIMITED,9237,0,9237
DEEPAK FERTILIZERS AND PETROCHEMICALS CORPORATION LIMITED,2735656.29,2249237.78,4984894.07
Deepak Nitrite Limited,121129.44,101908.03,223037.47
Delhivery Limited,186222.92,61144.3,247367.22
Delta Corp Limited,5724.04,5322.29,11046.33
DEN NETWORKS LIMITED,36.42,3635.59,3672.01
Devyani International Limited,28363.09,81463.94,109827.03
Dhampur Bio Organics Limited,1250,1607,2857
DHAMPUR SUGAR MILLS LIMITED,32303.68,43.68,32347.36
Dhani Services Limited,932.87,1083.28,2016.15
Dhanuka Agritech Limited,2291.52,3119.34,5410.86
Dhunseri Ventures Limited,0,34.93,34.93
Diamond Power Infrastructure Limited,7316.37,19901.76,27218.13
Dilip Buildcon Limited,357524,80154,437678
Dish TV India Limited,Not disclosed,Not disclosed,0
Dishman Carbogen Amcis Limited,87666.92,20832.78,108499.7
Divgi TorqTransfer Systems Limited,0,0,0
DIVI'S LABORATORIES LIMITED,339941,357810,697751
Dixon Technologies (India) Limited,2170.4,28170.13,30340.53
DLF Limited,22343.18,152168.43,174511.61
DMCC Speciality Chemicals Limited,486.42,0.09,486.51
DODLA DAIRY LIMITED,57010.15,29800.56,86810.71
Dolat Algotech Limited,Not disclosed,Not disclosed,0
Dollar Industries Limited,18119,10380,28499
DOMS Industries Limited,402.11,41116.54,41518.65
DPSC Limited,61738.77,6571.57,68310.34
Dr. Lal Path Labs Ltd.,1192,15793,16985
Dr. Reddy's Laboratories Limited,142772,94690,237462
Dreamfolks Services Limited,16.07,25.47,41.54
Dredging Corporation of India Limited,106.79,59,165.79
Dwarikesh Sugar Industries Limited,768,58,826
Dynamatic Technologies Limited,74.83,5046.49,5121.32
Easy Trip Planners Limited,0,329.35,329.35
eClerx Services Limited,549,3970,4519
Edelweiss Financial Services Limited,Not disclosed,Not disclosed,0
EFC (I) Limited,1471.75,10686.01,12157.76
EICHER MOTORS LIMITED,17446.14,12071.19,29517.33
EID PARRY INDIA LIMITED,259274.29,16633.73,275908.02
EIH Associated Hotels Limited,5740,8259,13999
EIH Limited,44778,88959,133737
Elecon Engineering Company Limited,2361.24,12681.26,15042.5
Electronics Mart India Limited,1496.22,25061.94,26558.16
Electrosteel Castings Limited,2136221,268604,2404825
Elgi Equipments Limited,1455.71,7340.35,8796.06
Emami Limited,1794,14548,16342
Emami Paper Mills Limited,338239,106949,445188
Embassy Developments Limited,Not disclosed,Not disclosed,0
EMS LIMITED,3124.22,44.68,3168.9
EMUDHRA LIMITED,18.75,141.1,159.85
Endurance Technologies Limited,53761,129279,183040
Engineers India Limited,279,6213,6492
Entero Healthcare Solutions Limited,1270.56,4113.21,5383.77
Entertainment Network (India) Limited,Not disclosed,Not disclosed,0
EPACK Durable Limited,1814,14726,16540
Epigral LIMITED,1242185.22,51972.81,1294158.03
EPL Limited,1601,32688,34289
Equitas Small Finance Bank Limited,1365.43,16738.3,18103.73
Eris Lifesciences Limited,342.74,1666.89,2009.63
ESAB India Limited,1185,15668,16853
ESAF Small Finance Bank Limited,46.81,9016.3,9063.11
Escorts Kubota Limited,11639.29,42962.51,54601.8
ESTER INDUSTRIES LIMITED,13561,68261,81822
Eternal Limited,57.27,90.42,147.69
ETHOS LIMITED,Not disclosed,Not disclosed,0
Eureka Forbes Limited,109,762,871
Eveready Industries India Limited,1670.16,10363.15,12033.31
Everest Industries Limited,3035.99,34386.37,37422.36
Everest Kanto Cylinder Limited,487,50878,51365
Excel Industries Limited,78907,24587,103494
Exicom Tele-Systems Limited,Not disclosed,Not disclosed,0
Exide Industries Limited,35896,350643,386539
EXPLEO SOLUTIONS LIMITED,57.4,1634.6,1692
FAIRCHEM ORGANICS LIMITED,36595,10108,46703
Faze Three Limited,6736.67,13748.5,20485.17
FDC Limited,9797.17,22392.79,32189.96
Fedbank Financial Services Limited,226.4,5938,6164.4
Federal-Mogul Goetze (India) Limited.,5490.24,142598.55,148088.79
FERTILIZERS AND CHEMICALS TRAVANCORE LIMITED,234928.79,111094,346022.79
Fiem Industries Limited,2193.07,53295.93,55489
FILATEX FASHIONS LIMITED,Not disclosed,Not disclosed,0
Filatex India Limited,13667.5,67497.34,81164.84
FINE ORGANIC INDUSTRIES LIMITED,25520.72,22990.95,48511.67
Fineotex Chemical Limited,0,0,0
Fino Payments Bank Limited,0,1002161,1002161
Finolex Cables Limited,6145,55108,61253
Finolex Industries Limited,353473.99,54106.07,407580.06
Firstsource Solutions Limited,0,16867.06,16867.06
FISCHER MEDICAL VENTURES LIMITED,0.1,436.07,436.17
Five-Star Business Finance Limited,1.11,3646.79,3647.9
Flair Writing Industries Limited,209.23,19298.89,19508.12
Force Motors Ltd,9649,36887,46536
Fortis Healthcare Limited,4599.54,52228.25,56827.79
FOSECO INDIA LIMITED,2564,3348,5912
FSN E Commerce Ventures Limited,386.01,4886.55,5272.56
Fusion Finance Limited,1.27,308.18,309.45
Future Consumer Limited,0,0,0
G R Infraprojects Limited,137340.32,143330.09,280670.41
GABRIEL INDIA LIMITED,7034,15547,22581
GAIL (India) Limited,3433115,430242,3863357
GALAXY SURFACTANTS LIMITED,14649,27000,41649
Gallantt Ispat Limited,1879071,463567,2342638
GANDHAR OIL REFINERY (INDIA) LIMITED,528.09,1431.14,1959.23
GANESH BENZOPLAST LIMITED,14543.66,5561.81,20105.47
GANESH HOUSING CORPORATION LIMITED,1765.78,0,1765.78
Ganesha Ecosphere Limited,33310,39503.86,72813.86
Garden Reach Shipbuilders & Engineers Limited,0,7972,7972
Garware Hi-Tech Films Limited,51927.91,75722.26,127650.17
Garware Technical Fibres Limited,19207,10807,30014
Gateway Distriparks Limited,21995,3647.13,25642.13
GE Power India Limited,77.31,2316.44,2393.75
GE Vernova T&D India Limited,800.95,15671.46,16472.41
General Insurance Corporation of India,0,0,0
Genesys International Corporation Limited,Not disclosed,Not disclosed,0
Genus Power Infrastructures Limited,244,8078.24,8322.24
Geojit Financial Services Limited,39.48,736.63,776.11
GHCL Limited,1120911.95,11013.63,1131925.58
GIC Housing Finance Limited,0,0,0
Gillette India Limited,288,11925,12213
GLAND PHARMA LIMITED,13920,80824,94744
GlaxoSmithKline Pharmaceuticals Limited,1002.89,941911,942913.89
Glenmark Pharmaceuticals Limited,17263,76186,93449
GLOBAL HEALTH LIMITED,5352.6,45915.3,51267.9
Globus Spirits Limited,269597.02,2758.12,272355.14
Gloster Limited,5151.14,17810.82,22961.96
GM BREWERIES LIMITED,Not disclosed,Not disclosed,0
GMM Pfaudler Limited,8589.12,11822.24,20411.36
GMR Airports Limited,5673,28705,34378
GMR POWER AND URBAN INFRA LIMITED,10761931,4355,10766286
Go Digit General Insurance Limited,25.59,2536.65,2562.24
Go Fashion (India) Limited,7.41,6895.56,6902.97
GOCL Corporation Limited,0.06,0.02,0.08
GODAWARI POWER AND ISPAT LIMITED,1553940,266491,1820431
GODFREY PHILLIPS INDIA LIMITED,2460,14455,16915
GODREJ AGROVET LIMITED,2045,39435,41480
Godrej Consumer Products Limited,26047,23589,49636
Godrej Industries Limited,32796,44487,77283
Godrej Properties Limited,668.3,4433.36,5101.66
Gokaldas Exports Limited,41722,14230,55952
Gokul Agro Resources Limited,256703.41,33914.99,290618.4
Goldiam International Limited,Not disclosed,Not disclosed,0
Goodluck India Limited,39458.28,31990.92,71449.2
GOPAL SNACKS LIMITED,48.14,2999.06,3047.2
GRANULES INDIA LIMITED,57414,18853,76267
GRAPHITE INDIA LIMITED,89350,181590,270940
Grasim Industries Limited,5112096.87,1223512.84,6335609.71
Gravita India Limited,87414,12784,100198
Greaves Cotton Limited,1374.1,8932.63,10306.73
GREENLAM INDUSTRIES LIMITED,67398.9,45574.1,112973
Greenpanel Industries Limited,200909.01,92386.26,293295.27
GREENPLY INDUSTRIES LIMITED,1558,11483,13041
Grindwell Norton Limited,29153,53183,82336
GRM OVERSEAS LIMITED,Not disclosed,Not disclosed,0
GRP Limited,2662,31228,33890
GTL INFRASTRUCTURE LIMITED,18504,244447,262951
GTPL Hathway Limited,88.42,5023.81,5112.23
Gufic Biosciences Limited,2798.92,12655.82,15454.74
Gujarat Alkalies and Chemicals Limited,275700.68,876826.67,1152527.35
Gujarat Ambuja Exports Limited,772138.22,22325.79,794464.01
Gujarat Fluorochemicals Limited,709492,402888,1112380
GUJARAT GAS LIMITED,4088.7,117937.1,122025.8
GUJARAT INDUSTRIES POWER COMPANY LIMITED,3588001.36,297993.2,3885994.56
Gujarat Mineral Development Corporation Limited,120200,39231,159431
Gujarat Narmada Valley Fertilizers and Chemicals Limited,1903591.56,116606.21,2020197.77
Gujarat Pipavav Port Limited,578.36,7990.63,8568.99
Gujarat State Fertilizers & Chemicals Limited,394392.21,215582.53,609974.74
Gujarat State Petronet Limited,1269.33,6493.71,7763.04
GUJARAT THEMIS BIOSYN LIMITED,10365.42,4717.06,15082.48
Gulf Oil Lubricants India Limited,568.73,2941.55,3510.28
GULSHAN POLYOLS LIMITED,0,0,0
H.G. Infra Engineering Limited,118972.19,15869.57,134841.76
Happiest Minds Technologies Limited,1012,2872,3884
Happy Forgings Limited,8771,96761,105532
HARIOM PIPE INDUSTRIES LIMITED,68334,63768,132102
HARSHA ENGINEERS INTERNATIONAL LIMITED,6487,12785,19272
Hathway Cable & Datacom Limited,1100.83,11280.28,12381.11
HATSUN AGRO PRODUCT LIMITED,98543,70042,168585
Havells India Limited,40661.15,99068.34,139729.49
HCL Technologies Limited,12900.5,109074.02,121974.52
HDFC Asset Management Company Limited,441,3023,3464
HDFC Bank Limited,77999.5,284877.91,362877.41
HDFC Life Insurance Company Limited,226.9,11870.3,12097.2
HEALTHCARE GLOBAL ENTERPRISES LIMITED,468.77,34415.84,34884.61
HEG Limited,178393,306219,484612
HeidelbergCement India Limited,2210214,144783,2354997
Hemisphere Properties India Limited,Not disclosed,Not disclosed,0
Heranba Industries Limited,0,25200,25200
Hercules Hoists Limited,Not disclosed,Not disclosed,0
Heritage Foods Limited,6672,32521,39193
HERO MOTOCORP LIMITED,19938,70547,90485
HESTER BIOSCIENCES LIMITED,1147.49,8386.74,9534.23
Heubach Colorants India Limited,1868,10612,12480
HEXA TRADEX LIMITED,Not disclosed,Not disclosed,0
HFCL Limited,3572,19842,23414
HI-TECH PIPES LIMITED,12664.34,45655.89,58320.23
Hikal Limited,401152.63,0,401152.63
Himadri Speciality Chemical Limited,171832.14,101307.69,273139.83
Himatsingka Seide Limited,25200000,410000,25610000
HINDALCO INDUSTRIES LIMITED,18.45,8499,8517.45
Hinduja Global Solutions Limited,75808,106510,182318
HINDUSTAN AERONAUTICS LIMITED,22051.43,25580.36,47631.79
Hindustan Construction Company Limited,9186.43,107638,116824.43
HINDUSTAN COPPER LIMITED,6099.92,22121.87,28221.79
Hindustan Foods Limited,3515.8,0.6,3516.4
Hindustan Oil Exploration Company Limited,5513044,1199251,6712295
Hindustan Petroleum Corporation Limited,8944,0,8944
Hindustan Unilever Limited,4467830,385798,4853628
Hindustan Zinc Limited,0,139.32,139.32
Hindware Home Innovation Limited,4447,0,4447
Hitachi Energy India Limited,0,0,0
HLE Glascoat Limited,718.86,3569.77,4288.63
HMA AGRO INDUSTRIES LIMITED,181665.49,4565868,4747533.49
HMT LIMITED,Not disclosed,Not disclosed,0
Home First Finance Company India Limited,16.47,781.15,797.62
Honasa Consumer Limited,79.2,988.79,1067.99
Honda India Power Products Limited,2009,1846,3855
HONEYWELL AUTOMATION INDIA LIMITED,232.09,3772.93,4005.02
Housing & Urban Development Corporation Limited,33.82,952.6,986.42
HPL Electric & Power Limited,820.21,11267.18,12087.39
Huhtamaki India Limited,10452,48606,59058
Hyundai Motor India Limited,28275,47098,75373
ICICI Bank Limited,26337.16,120039.73,146376.89
ICICI Lombard General Insurance Company Limited,1424.92,5875.87,7300.79
ICICI Prudential Life Insurance Company Limited,759,6579,7338
ICRA Limited,0,746.84,746.84
IDBI Bank Limited,2360.87,57763.14,60124.01
ideaForge Technology Limited,87.66,6780.58,6868.24
IDFC FIRST Bank Limited,19417.16,42284.12,61701.28
IFB Industries Limited,7663.28,22817.36,30480.64
IFCI Limited,Not disclosed,Not disclosed,0
IFGL REFRACTORIES LIMITED,753.9,12291,13044.9
IG Petrochemicals Limited,116135,1695,117830
IGARASHI MOTORS INDIA LIMITED,653.23,1754.54,2407.77
IIFL Capital Services Limited,58,1685.22,1743.22
IIFL Finance Limited,23.65,12360.26,12383.91
IKIO TECHNOLOGIES LIMITED,Not disclosed,Not disclosed,0
Imagicaaworld Entertainment Limited,912.69,3631.6,4544.29
Indegene Limited,197.03,273.14,470.17
India Glycols Limited,652661,115197,767858
India Nippon Electricals Limited,912.52,3893.01,4805.53
India Pesticides Limited,1130.6,33193.4,34324
India Shelter Finance Corporation Limited,0,1273.53,1273.53
INDIA TOURISM DEVELOPMENT CORPORATION LIMITED,Not disclosed,Not disclosed,0
INDIAMART INTERMESH LIMITED,0,423.62,423.62
Indian Bank,6236.31,110524.35,116760.66
Indian Energy Exchange Limited,44.15,445,489.15
INDIAN HUME PIPE COMPANY LIMITED,10.68,658.31,668.99
Indian Metals & Ferro Alloys Limited,1085239,6667,1091906
Indian Oil Corporation Limited,21240000,1290000,22530000
INDIAN OVERSEAS BANK,5675.71,60842.54,66518.25
Indian Railway Catering and Tourism Corporation Limited,233.71,18630.8,18864.51
INDIAN RAILWAY FINANCE CORPORATION LIMITED,20.97,77.77,98.74
Indian Renewable Energy Development Agency Limited,21.74,541.18,562.92
INDIGO PAINTS LIMITED,58.52,5127,5185.52
Indo Count Industries Limited,193142.4,90354.2,283496.6
Indo Rama Synthetics (India) Limited,303961.03,180340.71,484301.74
Indoco Remedies Limited,396626.84,30203.84,426830.68
IndoStar Capital Finance Limited,0,2874.7,2874.7
Indraprastha Gas Limited,1204147.78,140305,1344452.78
Indraprastha Gas Limited,901836,123769,1025605
Indus Towers Limited,691756,6727950,7419706
IndusInd Bank Limited,20424.64,66311.97,86736.61
Infibeam Avenues Limited,Not disclosed,Not disclosed,0
Info Edge (India) Limited,981.07,4569.7,5550.77
Infosys Limited,8745,38586,47331
Ingersoll Rand (India) Limited,66.92,1521.84,1588.76
Innova Captab Limited,360.46,15838.07,16198.53
Inox Green Energy Services Limited,5335,118,5453
INOX India Limited,715.68,9549.87,10265.55
Inox Wind Limited,250,2444,2694
Insecticides (India) Limited,14657.67,15353.58,30011.25
INTELLECT DESIGN ARENA LIMITED,466.38,2828.91,3295.29
InterGlobe Aviation Limited,9706392.55,10990.77,9717383.32
International Gemmological Institute (India) Limited,0,420.31,420.31
IOL Chemicals and Pharmaceuticals Limited,45920,6017.88,51937.88
Ion Exchange (India) Limited,3591,10530,14121
Ipca Laboratories Limited,169992,124512,294504
IRB Infrastructure Developers Limited,82256.49,45835.77,128092.26
Ircon International Limited,52849.92,6744.06,59593.98
IRM ENERGY LIMITED,2481.85,13031.65,15513.5
ISGEC Heavy Engineering Limited,13919.6,33321.1,47240.7
ITC Limited,1101,153,1254
ITD CEMENTATION INDIA LIMITED,74279.82,34336.49,108616.31
J.Kumar Infraprojects Limited,41118.83,10877.26,51996.09
JAGRAN PRAKASHAN LIMITED,733.22,14824.31,15557.53
Jagsonpal Pharmaceuticals Limited,Not disclosed,Not disclosed,0
JAI BALAJI INDUSTRIES LIMITED,2796666,378270,3174936
Jai Corp Limited,53.66,23480.32,23533.98
Jain Irrigation Systems Limited,123499,111858,235357
Jain Irrigation Systems Limited,123499,111858,235357
Jaiprakash Associates Limited,0.56,0,0.56
JAIPRAKASH POWER VENTURES LIMITED,7845953,373458,8219411
JAMNA AUTO INDUSTRIES LIMITED,51148,30028,81176
Jana Small Finance Bank Limited,Not disclosed,Not disclosed,0
JASH ENGINEERING LIMITED,Not disclosed,Not disclosed,0
Jay Bharat Maruti Limited,2439.09,37532.18,39971.27
Jayaswal Neco Industries Limited,2566145,182286,2748431
JB Chemicals & Pharmaceuticals Limited,5651.98,48756.48,54408.46
JBM Auto Limited,4180,70817.75,74997.75
JEENA SIKHO LIFECARE LIMITED,Not disclosed,Not disclosed,0
JEENA SIKHO LIFECARE LIMITED,Not disclosed,Not disclosed,0
JINDAL DRILLING AND INDUSTRIES LIMITED,Not disclosed,Not disclosed,0
Jindal Poly Films Limited,574,60480,61054
Jindal Saw Limited,1703961,302048,2006009
Jindal Stainless Limited,2995798,622511,3618309
JINDAL STEEL & POWER LIMITED,21.49,1.01,22.5
JINDAL WORLDWIDE LIMITED,147112.96,1076.67,148189.63
Jio Financial Services Limited,0,128,128
JK CEMENT LIMITED,10472587,420227,10892814
JK LAKSHMI CEMENT LIMITED,7007134,237401.5,7244535.5
JK PAPER LIMITED,678684,10587,689271
JK Tyre & Industries Limited,99676.1,87847.55,187523.65
JM Financial Limited,8.03,438.49,446.52
JNK India Limited,29.19,257.41,286.6
Johnson Controls - Hitachi Air Conditioning India Limited,35021,10034,45055
JSW Energy Limited,20522777.86,36661.4,20559439.26
JSW Holdings Limited,Not disclosed,Not disclosed,0
JSW Infrastructure Limited,29642,81996,111638
JSW Steel Limited,53100751.63,1653056.65,54753808.28
JTEKT India Limited,2021,19669,21690
JTL Industries Limited,Not disclosed,Not disclosed,0
Jubilant FoodWorks Limited,48316,123068,171384
JUBILANT INGREVIA LIMITED,657.4,79.11,736.51
Jubilant Pharmova Limited,10084,64219,74303
Juniper Hotels Limited,1833.8,25392.58,27226.38
Jupiter Life Line Hospitals Limited,92.57,6664.12,6756.69
Jupiter Wagons Limited,9577.83,38087.49,47665.32
Just Dial Limited,35,7261,7296
JYOTHY LABS LIMITED,16289,17486,33775
JYOTI CNC AUTOMATION LIMITED,0,0,0
Jyoti Structures Limited,0,0,0
K.P. ENERGY LIMITED,Not disclosed,Not disclosed,0
K.P.R. MILL LIMITED,59287.07,120130.15,179417.22
KABRA EXTRUSION TECHNIK LIMITED,Not disclosed,Not disclosed,0
Kajaria Ceramics Limited,437311,187602,624913
Kalpataru Projects International Limited,82563,25682,108245
Kalyan Jewellers India Limited,2335.89,28871.45,31207.34
KALYANI STEELS LIMITED,593189,5033,598222
Kamdhenu Limited,14092.72,15775.04,29867.76
Kansai Nerolac Paints Limited,8514,41219,49733
KARUR VYSYA BANK LIMITED,543.92,21099.39,21643.31
Kaveri Seed Company Limited,1603.7,2366,3969.7
Kaynes Technology India Limited,527.75,5802.78,6330.53
KCP LIMITED,1873233.4,95909.9,1969143.3
KDDL Limited,485.2,5125.3,5610.5
KEC International Limited,61095.06,35442.83,96537.89
KEI INDUSTRIES LIMITED,7297.46,79336.47,86633.93
KELLTON TECH SOLUTIONS LIMITED,Not disclosed,Not disclosed,0
KESORAM INDUSTRIES LIMITED,0,0,0
Kewal Kiran Clothing Limited,1812,2250,4062
Keystone Realtors Limited,2199.99,5494.23,7694.22
KFin Technologies Limited,16.8,3182.04,3198.84
Khaitan Chemicals & Fertilizers Limited,Not disclosed,Not disclosed,0
Kingfa Science & Technology (India) Limited,Not disclosed,Not disclosed,0
KIOCL Limited,156229,37833,194062
Kiri Industries Limited,8024.56,2452.91,10477.47
Kirloskar Brothers Limited,2630.14,28542.59,31172.73
Kirloskar Industries Limited,10.27,22.73,33
Kirloskar Oil Engines Limited,7414,10483,17897
Kirloskar Pneumatic Company Limited,690.85,11403.37,12094.22
Kitex Garments Limited,172480,3678500,3850980
KNR Constructions Limited,183389.74,7580.66,190970.4
KOKUYO CAMLIN LIMITED,306.24,2985.95,3292.19
Kolte - Patil Developers Limited,128.34,1365.01,1493.35
Kopran Limited,16132,12608.42,28740.42
KOTAK MAHINDRA BANK LIMITED,14701.1,87287.2,101988.3
KPI GREEN ENERGY LIMITED,445.15,288.42,733.57
KPIT Technologies Limited,768.52,2647.36,3415.88
KRBL Limited,23654.88,11215.51,34870.39
Krishana Phoschem Limited,13706.93,22719.16,36426.09
Krishna Institute of Medical Sciences Limited,1057.44,9773.09,10830.53
KRN HEAT EXCHANGER AND REFRIGERATION LIMITED,621,561,1182
Krsnaa Diagnostics Limited,31.98,150.67,182.65
KSB Limited,2219,8160,10379
KUANTUM PAPERS LIMITED,243947,8074,252021
L&T Finance Limited,386.23,1909.16,2295.39
L&T Technology Services Limited,321.23,14242.48,14563.71
LA OPALA RG LIMITED,5096,18643,23739
Landmark Cars Limited,1004.76,1917.37,2922.13
Larsen & Toubro Limited,603953,282341,886294
Latent View Analytics Limited,1.12,400.79,401.91
LAURUS LABS LIMITED,315457,181901,497358
Laxmi Organic Industries Limited,304343,50705,355048
Le Travenues Technology Limited,0,38.2,38.2
Lemon Tree Hotels Limited,9485.86,34744,44229.86
LG BALAKRISHNAN & BROS LIMITED,10703.92,53644.97,64348.89
LIC Housing Finance Limited,4.43,3827.89,3832.32
Life Insurance Corporation of India,27014,84102,111116
Likhitha Infrastructure Limited,Not disclosed,Not disclosed,0
Linde India Limited,2863.59,1320627.48,1323491.07
Lloyds Engineering Works Limited,0,0,0
Lloyds Enterprises Limited,Not disclosed,Not disclosed,0
Lloyds Metals and Energy Limited,696745.33,12336.66,709081.99
LMW Limited,4682.2,2577,7259.2
LT Foods Limited,807,10691,11498
LTIMindtree Limited,1542,18239,19781
Lumax Auto Technologies Limited,1797.42,31406.87,33204.29
Lumax Industries Limited,2510,61023.12,63533.12
Lupin Limited,80181,245290,325471
Lux Industries Limited,380,8888,9268
MACROTECH DEVELOPERS LIMITED,3179.76,0,3179.76
Madhya Bharat Agro Products Limited,16618.35,15323.6,31941.95
MADRAS FERTILIZERS LIMITED,240000,0,240000
Magellanic Cloud Limited,Not disclosed,Not disclosed,0
Mahanagar Gas Limited,283681,113855,397536
Mahanagar Telephone Nigam Limited,Not disclosed,Not disclosed,0
MAHARASHTRA SCOOTERS LIMITED,Not disclosed,Not disclosed,0
Maharashtra Seamless Limited,99103,0,99103
Mahindra & Mahindra Financial Services Limited,4022.02,13182.91,17204.93
Mahindra & Mahindra Limited,67829,249830,317659
Mahindra EPC Irrigation Limited,9,2903,2912
Mahindra Holidays & Resorts India Limited,7961,28156,36117
Mahindra Lifespace Developers Limited,281.56,2396.81,2678.37
Mahindra Logistics Limited,2835,4585,7420
MAITHAN ALLOYS LIMITED,0,0,0
Man Industries (India) Limited,175061.88,21442.89,196504.77
Man Infraconstruction Limited,621.97,159.69,781.66
Manali Petrochemicals Limited,21836.38,20327.38,42163.76
Manappuram Finance Limited,128.07,14424.98,14553.05
Mangalam Cement Limited,2000950,37389,2038339
Mangalore Chemicals & Fertilizers Limited,296036,0,296036
MANGALORE REFINERY AND PETROCHEMICALS LIMITED,5675575,143254,5818829
MANKIND PHARMA LIMITED,6538,29205,35743
Manorama Industries Limited,604.94,12177.72,12782.66
Marathon Nextgen Realty Limited,227.93,13331.01,13558.94
Marico Limited,1207.5,9534.9,10742.4
MARKSANS PHARMA LIMITED,19912,1530,21442
Maruti Suzuki India Limited,225537,215368,440905
MAS FINANCIAL SERVICES LIMITED,477,999,1476
Mastek Limited,0,0,0
Matrimony.com Limited,Not disclosed,Not disclosed,0
MAX ESTATES LIMITED,196.83,6458.49,6655.32
Max Financial Services Limited,293.2,7759.43,8052.63
MAX HEALTHCARE INSTITUTE LIMITED,7264.37,53359.93,60624.3
Mayur Uniquoters Ltd,37813.9,11274.17,49088.07
Mazagon Dock Shipbuilders Limited,594.84,10282.39,10877.23
Medi Assist Healthcare Services Limited,Not disclosed,Not disclosed,0
Medicamen Biotech Limited,Not disclosed,Not disclosed,0
MedPlus Health Services Limited,1531.67,37135.47,38667.14
Meghmani Organics Limited,139894.18,43371.69,183265.87
Metro Brands Limited,345.54,19752.29,20097.83
Metropolis Healthcare Limited,132.12,9267.93,9400.05
Minda Corporation Limited,9470.17,32381.56,41851.73
MIRZA INTERNATIONAL LIMITED,32.17,0.03,32.2
Mishra Dhatu Nigam Limited,15295.01,44831.51,60126.52
MITCON Consultancy & Engineering Services Limited,44,110,154
MM Forgings Limited,6599,54086,60685
MMTC LIMITED,Not disclosed,Not disclosed,0
MOIL Limited,7841.88,73110.94,80952.82
MOLD-TEK PACKAGING LIMITED,343.7,25178.8,25522.5
Monarch Networth Capital Limited,Not disclosed,Not disclosed,0
Monte Carlo Fashions Limited,Not disclosed,Not disclosed,0
Morepen Laboratories Limited,7128.95,18888.1,26017.05
MOSCHIP TECHNOLOGIES LIMITED,0.94,355.07,356.01
Motherson Sumi Wiring India Limited,1491,23471,24962
Motilal Oswal Financial Services Limited,6.76,6369.77,6376.53
Mphasis Limited,158.32,18047.77,18206.09
MPS Limited,110.85,2855.72,2966.57
MRF Limited,594035,604767,1198802
Mrs. Bectors Food Specialities Limited,22024.77,25093.14,47117.91
MSTC LIMITED,8.5,760.66,769.16
MTAR TECHNOLOGIES LIMITED,280.07,12625.39,12905.46
Mufin Green Finance Limited,0,45.38,45.38
Mukand Limited,863437.2,65036.02,928473.22
MUSIC BROADCAST LIMITED,160,4837,4997
MUTHOOT FINANCE LIMITED,128.58,75722.52,75851.1
Muthoot Microfin Limited,0.83,3341.89,3342.72
N. B. I. Industrial Finance Company Limited,Not disclosed,Not disclosed,0
NACL Industries Limited,25034.16,16161.48,41195.64
Nagarjuna Fertilizers and Chemicals Limited,Not disclosed,Not disclosed,0
Nahar Capital and Financial Services Limited,Not disclosed,Not disclosed,0
Nahar Poly Films Limited,Not disclosed,Not disclosed,0
Nahar Spinning Mills Limited,1565.45,29370.5,30935.95
Nalwa Sons Investments Limited,Not disclosed,Not disclosed,0
Nandan Denim Limited,206679,21181,227860
Narayana Hrudayalaya Ltd.,17922.68,29412.45,47335.13
NATCO Pharma Limited,28494.95,43630.35,72125.3
National Aluminium Company Limited,10641135.54,274225.94,10915361.48
NATIONAL FERTILIZERS LIMITED,2912642,0,2912642
NAVA LIMITED,2712160.36,124214.95,2836375.31
Navin Fluorine International Limited,164451.34,46196.79,210648.13
NAVNEET EDUCATION LIMITED,2474.21,8832.15,11306.36
NAZARA TECHNOLOGIES LIMITED,22.81,112.1,134.91
NBCC (India) Limited,2052.1,887.04,2939.14
NCC LIMITED,119629,26248,145877
NELCAST LIMITED,3028,59373,62401
Nelco Limited,24.12,1617.64,1641.76
Neogen Chemicals Limited,11420.2,13258.89,24679.09
Nesco Limited,419.51,9159.9,9579.41
Nestle India Limited,147573,181638,329211
NETWEB TECHNOLOGIES INDIA LIMITED,147.05,1104.58,1251.63
Network18 Media & Investments Limited,589,11003,11592
Network18 Media & Investments Limited,176,13367,13543
Neuland Laboratories Limited,27760.95,31059.61,58820.56
New Delhi Television Limited,34.2,2355.24,2389.44
Newgen Software Technologies Limited,566.08,2331.04,2897.12
NGL FINE-CHEM LIMITED,16.86,11.4,28.26
NHPC Limited,4016,41528,45544
NIIT Learning Systems Limited,289.01,964.89,1253.9
NIIT Limited,184.04,788.62,972.66
Nilkamal Limited,6103,38844,44947
Nippon Life India Asset Management Limited,72.32,1836.54,1908.86
NITIN SPINNERS LIMITED,50691,254596,305287
Niva Bupa Health Insurance Company Limited,0,0,0
NLC India Limited,30079691.55,44935.21,30124626.76
NMDC Limited,103482,84202,187684
NMDC Steel Limited,5574359,575885,6150244
NOCIL Limited,126093.38,24583.03,150676.41
Northern Arc Capital Limited,11.68,753,764.68
NRB Bearing Limited,2111.7,28500.27,30611.97
NTPC Green Energy Limited,295.54,19697.33,19992.87
NTPC LIMITED,326959946.4,64979.66,327024926.1
NUCLEUS SOFTWARE EXPORTS LIMITED,Not disclosed,Not disclosed,0
Nureca Limited,Not disclosed,Not disclosed,0
NUVAMA WEALTH MANAGEMENT LIMITED,0,1231.95,1231.95
Nuvoco Vistas Corporation Limited,8931380,159751,9091131
Oberoi Realty Limited,2806.81,24092.36,26899.17
Oil & Natural Gas Corporation Limited,9002041,498787,9500828
Oil India Limited,1245928,22477,1268405
Ola Electric Mobility Limited,1332.31,25525.36,26857.67
Olectra Greentech Limited,17.98,3595,3612.98
Omaxe Limited,Not disclosed,Not disclosed,0
One 97 Communications Limited,182.08,1817.46,1999.54
One Mobikwik Systems Limited,228.8,172,400.8
ONESOURCE SPECIALTY PHARMA LIMITED,7653.6,5019.1,12672.7
ONMOBILE GLOBAL LIMITED,21,1137,1158
ONWARD TECHNOLOGIES LIMITED,5,566,571
Optiemus Infracom Limited,0,35.52,35.52
Oracle Financial Services Software Limited,373.63,6819,7192.63
Orchid Pharma Limited,74800.3,16621.4,91421.7
Orient Cement Limited,3451629,22038,3473667
Orient Electric Limited,2015.79,9400.96,11416.75
ORIENT GREEN POWER COMPANY LIMITED,0,0,0
Oriental Aromatics Limited,35983.47,20634.05,56617.52
Oriental Hotels Limited,3539.63,6671,10210.63
Page Industries Limited,993,11945,12938
Paisalo Digital Limited,170.27,626.35,796.62
Panacea Biotec Limited,1797.85,15986.05,17783.9
Panama Petrochem Limited,524.29,588.74,1113.03
PARADEEP PHOSPHATES LIMITED,468920,65908,534828
Parag Milk Foods Limited,81268,24834,106102
Paramount Communications Limited,1332.52,13378.9,14711.42
Paras Defence and Space Technologies Limited,9.15,2470.51,2479.66
PATANJALI FOODS LIMITED,512498,81766,594264
Patel Engineering Limited,72055.82,136691.26,208747.08
PB FINTECH LIMITED,1954,8945,10899
PC Jeweller Limited,0,1961.92,1961.92
PCBL CHEMICAL LIMITED,940056,7998,948054
PDS Limited,8735.14,5640.97,14376.11
Pearl Global Industries Limited,2068.76,7224.46,9293.22
PENNAR INDUSTRIES LIMITED,Not disclosed,Not disclosed,0
Persistent Systems Limited,274.51,4541.04,4815.55
Petronet LNG Limited,242656.83,177244.17,419901
Pfizer Limited,56,1619,1675
PG Electroplast Limited,6011.33,52950.85,58962.18
PI INDUSTRIES LIMITED,37199.79,113143.76,150343.55
Piccadily Agro Industries limited,0,0,0
Pidilite Industries Limited,8690,38535,47225
PILANI INVESTMENT AND INDUSTRIES CORPORATION LIMITED,Not disclosed,Not disclosed,0
Piramal Enterprises Limited,91.96,5843.39,5935.35
Piramal Pharma Limited,32279,64667,96946
PITTI ENGINEERING LIMITED,4495,24874.4,29369.4
PIX TRANSMISSIONS LIMITED,177.27,0,177.27
PNB Gilts Ltd.,24.54,187.75,212.29
PNB Housing Finance Limited,6.97,4656.17,4663.14
PNC Infratech Limited,214342.13,4945.07,219287.2
Pokarna Limited,Not disclosed,Not disclosed,0
POLY MEDICURE LIMITED,3602.58,40088.73,43691.31
Polycab India Limited,29061,155118,184179
POLYPLEX CORPORATION LIMITED,6179,68077,74256
PONDY OXIDES & CHEMICALS LIMITED,21977,3230,25207
Poonawalla Fincorp Limited,347.1,2545.49,2892.59
Popular Vehicles and Services Limited,0,14564.23,14564.23
Power Finance Corporation Limited,2.78,1182.41,1185.19
Power Grid Corporation of India Limited,49785,267643,317428
Power Mech Projects Limited,Not disclosed,Not disclosed,0
PPAP Automotive Limited,610,11324,11934
Praj Industries Limited,1610,5986,7596
Prakash Industries Limited,3121454.23,37425.44,3158879.67
Prataap Snacks Limited,9102.56,7438.49,16541.05
Precision Camshafts Limited,13496.58,173.63,13670.21
Precision Wires India Limited,324.86,46945.16,47270.02
PREMIER ENERGIES LIMITED,1904.27,89099.4,91003.67
Premier Explosives Limited,Not disclosed,Not disclosed,0
Prestige Estates Projects Limited,6941.54,60270.9,67212.44
Pricol Limited,1626,8221,9847
Prime Focus Limited,0,2028779,2028779
Primo Chemicals Limited,0.29,1.37,1.66
PRINCE PIPES AND FITTINGS LIMITED,905,59269,60174
Prism Johnson Limited,3828849,263658,4092507
PRIVI SPECIALITY CHEMICALS LIMITED,212476,35568,248044
Procter & Gamble Health Limited,263,4273,4536
Procter & Gamble Health Limited,263,4708,4971
Procter & Gamble Hygiene and Health Care Limited,149,8426,8575
Protean eGov Technologies Limited,282.08,238.82,520.9
Prudent Corporate Advisory Services Limited,13.9,285.8,299.7
PSP Projects Limited,7037.4,5685.05,12722.45
PTC India Financial Services Limited,1.4,154.42,155.82
PTC India Limited,32,270,302
PTC Industries Limited,1305.67,9267.06,10572.73
Punjab & Sind Bank,4724.06,27316.1,32040.16
Punjab Chemicals & Crop Protection Limited,2293.35,0,2293.35
PUNJAB NATIONAL BANK,10621,174100,184721
PURAVANKARA LIMITED,2,Not disclosed,2
PVR INOX LIMITED,11705,220755,232460
Quess Corp Limited,389.46,795.22,1184.68
Quick Heal Technologies Limited,0,0,0
R R Kabel Limited,1103.9,53950.29,55054.19
R Systems International Limited,504.98,1977.41,2482.39
Race Eco Chain Limited,12.6,107.5,120.1
RACL Geartech Limited,2299.74,623.88,2923.62
RADIANT CASH MANAGEMENT SERVICES LIMITED,4256.87,670.78,4927.65
Radico Khaitan Limited,90357,16003,106360
Raghav Productivity Enhancers Limited,Not disclosed,Not disclosed,0
Rail Vikas Nigam Limited,12.25,1120.83,1133.08
Railtel Corporation of India Limited,684.41,11321.83,12006.24
Rain Industries Limited,2899852,154800,3054652
Rainbow Childrens Medicare Limited,2055.61,13735.96,15791.57
RAJ RAYON INDUSTRIES LIMITED,Not disclosed,Not disclosed,0
RAJOO ENGINEERS LIMITED,Not disclosed,Not disclosed,0
RAJRATAN GLOBAL WIRE LIMITED,12777,39902,52679
Rallis India Limited,30896.35,26007.49,56903.84
RAM RATNA WIRES LIMITED,6464.53,48987.82,55452.35
RAMA STEEL TUBES LIMITED,345,2141,2486
RAMCO INDUSTRIES LIMITED,11345.6,32877.1,44222.7
Ramco Systems Limited,195.29,2039.4,2234.69
Ramkrishna Forgings Limited,27350.74,177123.7,204474.44
RAMKY INFRASTRUCTURE LIMITED,7068.59,35595.28,42663.87
Rane Holdings Limited,7.29,284.34,291.63
Rashi Peripherals Limited,160,946,1106
Rashtriya Chemicals and Fertilizers Limited,3754391,73592,3827983
RateGain Travel Technologies Limited,3.62,169.72,173.34
Ratnamani Metals & Tubes Limited,10399.9,36356.51,46756.41
RATTANINDIA ENTERPRISES LIMITED,Not disclosed,Not disclosed,0
RattanIndia Power Limited,7946102,0,7946102
Raymond Lifestyle Limited,115431.43,114623.11,230054.54
Raymond Limited,11.18,656.77,667.95
RBL Bank Limited,120,9282,9402
REC Limited,306.46,1876.53,2182.99
Redington Limited,299,5302,5601
Redtape Limited,Not disclosed,Not disclosed,0
REFEX INDUSTRIES LIMITED,6259,1177,7436
Relaxo Footwears Limited,11272.48,58187.16,69459.64
Reliance Industrial Infrastructure Limited,0,185.68,185.68
Reliance Industries Limited,36459294,1470097,37929391
Reliance Infrastructure Limited,19036,21042.01,40078.01
RELIANCE POWER LIMITED,32965431,0,32965431
Religare Enterprises Limited,21.09,47.04,68.13
Religare Enterprises Limited,12.55,46.1,58.65
Renaissance Global Limited,501.95,1815.07,2317.02
Repco Home Finance Limited,Not disclosed,Not disclosed,0
REPRO INDIA LIMITED,286,4689,4975
Responsive Industries Limited,Not disclosed,Not disclosed,0
Restaurant Brands Asia Limited,12175.51,65812.69,77988.2
RHI Magnesita India Ltd,31613.36,23535.93,55149.29
Rico Auto Industries Limited,13749.17,87268.49,101017.66
Rishabh Instruments Limited,Not disclosed,Not disclosed,0
RITES Limited,230.26,2615,2845.26
Rolex Rings Limited,3306.49,27927.71,31234.2
Rossari Biotech Limited,2270.45,3156.88,5427.33
Rossell India Limited,8142,2822,10964
Roto Pumps Limited,2,.,2
Route Mobile Limited,0,188.95,188.95
RPG Life Sciences Limited,2288,6190,8478
RPSG Ventures Limited,0,321,321
RSWM Limited,Not disclosed,Not disclosed,0
Rupa & Company Limited,20806.28,9315.78,30122.06
RUSHIL DECOR LIMITED,10939.38,59111.92,70051.3
S H KELKAR AND COMPANY LIMITED,139895,7322,147217
S. P. APPARELS LIMITED,36489.65,4922.5,41412.15
S.J.S. Enterprises Limited,84.49,872.44,956.93
Safari Industries (India) Limited,83,12554,12637
Sagar Cements Limited,3557140,198272,3755412
SAI SILKS (KALAMANDIR) LIMITED,Not disclosed,Not disclosed,0
SAKSOFT LIMITED,74.08,726.39,800.47
Salasar Techno Engineering Limited,4317.36,3464.22,7781.58
SAMHI Hotels Limited,2393,28122,30515
Sammaan Capital Limited,365.72,2589.26,2954.98
SAMVARDHANA MOTHERSON INTERNATIONAL LIMITED,98641,527824,626465
SANDHAR TECHNOLOGIES LIMITED,11297.61,45430.58,56728.19
Sandur Manganese & Iron Ores Limited,11958.39,24088.02,36046.41
SANGAM (INDIA) LIMITED,149493.55,210878.83,360372.38
Sanghi Industries Limited,2017934,17656.29,2035590.29
SANGHVI MOVERS LIMITED,3080.78,353.79,3434.57
SANOFI CONSUMER HEALTHCARE INDIA LIMITED,5.04,0,5.04
Sanofi India Limited,509.68,7822,8331.68
Sansera Engineering Limited,7632.71,40584.61,48217.32
SAPPHIRE FOODS INDIA LIMITED,33624,69360,102984
SARDA ENERGY & MINERALS LIMITED,0,0,0
SAREGAMA India Limited,314.4,764.8,1079.2
Sasken Technologies Limited,361,524,885
SASTASUNDAR VENTURES LIMITED,Not disclosed,Not disclosed,0
Satia Industries Limited,333343.12,2465.67,335808.79
Satin Creditcare Network Limited,72.76,3490.82,3563.58
Savita Oil Technologies Limited,3532.12,5982.68,9514.8
SBFC Finance Limited,0,3149.7,3149.7
SBI Cards and Payment Services Limited,197.7,2461.22,2658.92
SBI Life Insurance Company Limited,4108.54,16384.35,20492.89
Schaeffler India Limited,8886.1,0,8886.1
Schneider Electric Infrastructure Limited,1435.74,5445.54,6881.28
SEAMEC LIMITED,45069.95,95.58,45165.53
Senco Gold Limited,175.88,6645.42,6821.3
SEPC Limited,Not disclosed,Not disclosed,0
Sequent Scientific Limited,14224.94,19212.35,33437.29
SERVOTECH RENEWABLE POWER SYSTEM LIMITED,Not disclosed,Not disclosed,0
SESHASAYEE PAPER AND BOARDS LIMITED,373531,109634,483165
SG FINSERVE LIMITED,13.6,57.6,71.2
Shaily Engineering Plastics Limited,2292.8,267.12,2559.92
SHAKTI PUMPS (INDIA) LIMITED,245.76,3271.81,3517.57
Shalby Limited,Not disclosed,Not disclosed,0
Shalimar Paints Limited,460.86,2036.95,2497.81
Shanthi Gears Limited,473.21,8288.15,8761.36
Sharda Cropchem Limited,0,157.62,157.62
Sharda Motor Industries Limited,309.58,6213.73,6523.31
Share India Securities Limited,140.77,1554.73,1695.5
Sheela Foam Limited,422.62,6265.91,6688.53
SHILPA MEDICARE LIMITED,2614.1,12670.2,15284.3
SHIPPING CORPORATION OF INDIA LAND AND ASSETS LIMITED,Not disclosed,Not disclosed,0
SHIPPING CORPORATION OF INDIA LIMITED,1079307,0,1079307
Shivalik Bimetal Controls Limited,171.71,0,171.71
Shivalik Rasayan Limited,Not disclosed,Not disclosed,0
Shoppers Stop Limited,738.94,52436.61,53175.55
Shree Cement Limited,21308522.52,428147.02,21736669.54
Shree Digvijay Cement Co.Ltd,856128,26089,882217
SHREE PUSHKAR CHEMICALS & FERTILISERS LIMITED,0,0,0
Shree Renuka Sugars Limited,1393180.23,7928.48,1401108.71
Shriram Finance Limited,4236.19,24663.04,28899.23
Shriram Pistons & Rings Limited,5744,111478,117222
SHRIRAM PROPERTIES LIMITED,188.35,3538.07,3726.42
Shyam Metalics and Energy Limited,5443997.66,384366.4,5828364.06
Siemens Limited,7448,2371,9819
SIGACHI INDUSTRIES LIMITED,42003.84,8651.52,50655.36
Signatureglobal (India) Limited,478.48,4806.49,5284.97
SIGNPOST INDIA LIMITED,101.08,943.26,1044.34
SINDHU TRADE LINKS LIMITED,Not disclosed,Not disclosed,0
Sirca Paints India Limited,0,0,0
SIS Limited,39234600000,27071000000,66305600000
SIYARAM SILK MILLS LIMITED,50927,38875,89802
SJVN Limited,476,3118.2,3594.2
SKF INDIA LIMITED,667,19950,20617
Skipper Limited,51854,38496,90350
SML ISUZU LIMITED,3116,4482,7598
SMS PHARMACEUTICALS LIMITED,37300.11,52416.47,89716.58
Sobha Limited,2771.78,16998.23,19770.01
Solar Industries India Limited,65713,18649,84362
Solara Active Pharma Sciences Limited,12118,28660,40778
Som Distilleries & Breweries Limited,Not disclosed,Not disclosed,0
SOMANY CERAMICS LIMITED,63558.34,39833.61,103391.95
Sona BLW Precision Forgings Limited,5174,59485,64659
Sonata Software Limited,81.6,637.3,718.9
Southern Petrochemicals Industries Corporation Limited,0,0,0
SPACENET ENTERPRISES INDIA LIMITED,Not disclosed,Not disclosed,0
Spandana Sphoorty Financial Limited,186.53,3603.4,3789.93
Speciality Restaurants Limited,3722,7902,11624
SPORTKING INDIA LIMITED,Not disclosed,Not disclosed,0
Sree Rayalaseema Hi-Strength Hypo Limited,Not disclosed,Not disclosed,0
SRF LIMITED,988667,393064,1381731
Sri Adhikari Brothers Television Network Limited,Not disclosed,Not disclosed,0
Standard Glass Lining Technology Limited,220.99,6627.75,6848.74
STANLEY LIFESTYLES LIMITED,Not disclosed,Not disclosed,0
Star Cement Limited,2633230,111400,2744630
Star Health and Allied Insurance Company Limited,0.01,8159.27,8159.28
STATE BANK OF INDIA,49583.35,656819.49,706402.84
Steel Authority of India Limited,52178648,4796073,56974721
STEEL EXCHANGE INDIA LIMITED,796561,0,796561
Steel Strips Wheels Limited,43676,91553,135229
STEELCAST LIMITED,8594,24839,33433
Sterling and Wilson Renewable Energy Limited,4974.9,946.03,5920.93
Sterling Tools Limited,4773.6,32551.57,37325.17
STERLITE TECHNOLOGIES LIMITED,6871.17,93045.86,99917.03
STOVE KRAFT LIMITED,295.5,9057.68,9353.18
Strides Pharma Science Limited,5376,17099,22475
STYLAM INDUSTRIES LIMITED,Not disclosed,Not disclosed,0
Styrenix Performance Materials Limited,7847.39,51664.23,59511.62
Subex Limited,0.02,1.36,1.38
Subros Limited,14134.78,26083.46,40218.24
Sudarshan Chemical Industries Limited,264735.62,24882.69,289618.31
Sula Vineyards Limited,2075,2873,4948
SUMITOMO CHEMICAL INDIA LIMITED,29556,17763,47319
Sun Pharma Advanced Research Company Limited,Not disclosed,Not disclosed,0
Sun Pharmaceutical Industries Limited,156242,236080,392322
Sun TV Network Limited,1183.47,1469.14,2652.61
Sundaram Clayton Limited,17822,41024,58846
Sundaram Finance Holdings Limited,Not disclosed,Not disclosed,0
SUNDARAM FINANCE LIMITED,2387.83,6838.59,9226.42
Sundram Fasteners Limited,24389,108297,132686
SUNDROP BRANDS LIMITED,2969,8847,11816
Sunflag Iron and Steel Company Limited,1527748.16,176158.2,1703906.36
Sunteck Realty Limited,195.19,1056.44,1251.63
Suprajit Engineering Limited,1947,14823,16770
Supreme Industries Limited,18976.48,223807.27,242783.75
SUPREME PETROCHEM LIMITED,12425,29482,41907
Supriya Lifescience Limited,480.49,13425.26,13905.75
SURYA ROSHNI LIMITED,14687.98,51271.49,65959.47
SURYODAY SMALL FINANCE BANK LIMITED,0,1662.79,1662.79
SUTLEJ TEXTILES AND INDUSTRIES LIMITED,122042.49,322948.22,444990.71
Suven Life Sciences Limited,32.09,883.51,915.6
SUZLON ENERGY LIMITED,9002,39924,48926
Swan Corp Limited,22137.59,3618.94,25756.53
Swaraj Engines Limited,1039,7649,8688
Swiggy Limited,107.28,350.76,458.04
SYMPHONY LIMITED,35.07,244.68,279.75
Syncom Formulations (India) Limited,12.5,11.65,24.15
Syngene International Limited,6637,6958,13595
Syrma SGS Technology Limited,1050.68,17189.86,18240.54
TAJ GVK HOTELS & RESORTS LIMITED,3019,11698,14717
Tamil Nadu Newsprint & Papers Limited,1082357,75528,1157885
Tamilnad Mercantile Bank Limited,1644.04,18442.54,20086.58
Tamilnadu Petroproducts Limited,155150,17787,172937
Tanla Platforms Limited,102.52,1029,1131.52
TARC Limited,55.88,826.31,882.19
TARSONS PRODUCTS LIMITED,106.38,9168.65,9275.03
Tasty Bite Eatables Limited,10419,6774.46,17193.46
TATA CHEMICALS LIMITED,4770357,75534,4845891
TATA COMMUNICATIONS LIMITED,4424,68911,73335
Tata Consultancy Services Limited,20494.8,55599,76093.8
Tata Consumer Products Limited,64943,71211,136154
Tata Elxsi Limited,114.9,4826,4940.9
Tata Investment Corporation Limited,0,34.04,34.04
Tata Motors Limited,43754,131407,175161
TATA POWER COMPANY LIMITED,41352681,3201561,44554242
Tata Steel Limited,61,5,66
Tata Technologies Limited,701,7293,7994
Tata Teleservices (Maharashtra) Limited,117,11299,11416
Tatva Chintan Pharma Chem Limited,7663.18,15022.34,22685.52
TBO Tek Limited,60.73,822.21,882.94
TCI Express Limited,394.25,0.85,395.1
TCPL Packaging Limited,3909.92,33678.5,37588.42
TD Power Systems Limited,1134.62,9087.2,10221.82
TeamLease Services Limited,10.75,901.45,912.2
Tech Mahindra Limited,12435,76735,89170
Techno Electric & Engineering Company Limited,1788,1005,2793
Technocraft Industries (India) Limited,23673.09,49865.65,73538.74
TEGA INDUSTRIES LIMITED,6539.12,8627.16,15166.28
Tejas Networks Limited,582.92,9028.21,9611.13
Texmaco Rail & Engineering Limited,2,Not disclosed,2
Thangamayil Jewellery Limited,227.5,4541.98,4769.48
THE ANDHRA SUGARS LIMITED,473656.64,0,473656.64
The Anup Engineering Limited,1587,6244,7831
THE FEDERAL BANK LIMITED,2111.39,29616.56,31727.95
The Great Eastern Shipping Company Limited,857135.21,826.93,857962.14
THE INDIA CEMENTS LIMITED,5224846,492365,5717211
The Indian Hotels Company Limited,26136.16,45990.11,72126.27
The Jammu & Kashmir Bank Limited,Not disclosed,Not disclosed,0
THE KARNATAKA BANK LIMITED,2,Not disclosed,2
THE NEW INDIA ASSURANCE COMPANY LIMITED,2669,16190,18859
THE PHOENIX MILLS LIMITED,173.25,2255,2428.25
The Ramco Cements Limited,10283160.03,244925.03,10528085.06
The South Indian Bank Limited,262.06,17712.11,17974.17
THE UGAR SUGAR WORKS LIMITED,Not disclosed,Not disclosed,0
THEJO ENGINEERING LIMITED,5323,2540,7863
THEMIS MEDICARE LIMITED,1062.6,6665.37,7727.97
Thermax Limited,7384,12059,19443
THIRUMALAI CHEMICALS LIMITED,98464,2160.73,100624.73
Thomas Cook (India) Limited,13.32,23303.94,23317.26
Thyrocare Technologies Limited,30.47,5845.6,5876.07
Tilaknagar Industries Limited,107.04,1136.59,1243.63
Time Technoplast Limited,0,0,0
Timken India Limited,4482.77,32755.41,37238.18
Tips Music Limited,Not disclosed,Not disclosed,0
TITAGARH RAIL SYSTEMS LIMITED,18767.34,33399,52166.34
Titan Company Limited,3952,26326,30278
Torrent Pharmaceuticals Limited,8937,78592,87529
Torrent Power Limited,4.86,1.32,6.18
Transformers and Rectifiers (India) Limited,6563.22,4140.18,10703.4
Transport Corporation of India Limited,130869.55,14542.95,145412.5
Transworld Shipping Lines Limited,223139.38,35.22,223174.6
Trent Limited,7022.69,182813.59,189836.28
TRIDENT LIMITED,658509,360850,1019359
Triveni Engineering & Industries Limited,42858.87,2132.98,44991.85
Triveni Turbine Limited,4142.84,3353.61,7496.45
TTK Healthcare Limited,7535.3,15853,23388.3
TTK PRESTIGE LIMITED,2370,12597,14967
Tube Investments of India Limited,49159,48916,98075
TV Today Network Limited,855.08,6419.6,7274.68
TVS Holdings Limited,Not disclosed,Not disclosed,0
TVS Motor Company Limited,20440.92,2963.09,23404.01
TVS Srichakra Limited,100686,27927,128613
TVS Supply Chain Solutions Limited,440.77,10912,11352.77
UCO BANK,890.46,69537.52,70427.98
UFlex Limited,46086.38,221147.94,267234.32
UGRO Capital Limited,Not disclosed,Not disclosed,0
UJAAS ENERGY LIMITED,Not disclosed,Not disclosed,0
Ujjivan Small Finance Bank Limited,600.52,13270.24,13870.76
UltraTech Cement Limited,81107852,1884213.56,82992065.56
Unichem Laboratories Limited,10405,59689,70094
Unimech Aerospace and Manufacturing Limited,75.16,1252.54,1327.7
UNION BANK OF INDIA,11161.31,166961.24,178122.55
Uniparts India Limited,5881,16329.03,22210.03
Uniphos Enterprises Limited,Not disclosed,Not disclosed,0
Unitech Limited,Not disclosed,Not disclosed,0
UNITED BREWERIES LIMITED,5389.81,0,5389.81
UNITED DRILLING TOOLS LIMITED,Not disclosed,Not disclosed,0
United Spirits Limited,2386,9857,12243
Universal Cables Limited,4773,16823,21596
Uno Minda Limited,73662,119525,193187
UPDATER SERVICES LIMITED,427.84,632.34,1060.18
UPL LIMITED,657111,160730,817841
URJA GLOBAL LIMITED,Not disclosed,Not disclosed,0
Usha Martin Limited,187661.95,21105.98,208767.93
UTI Asset Management Company Limited,21.41,1865.46,1886.87
UTKARSH SMALL FINANCE BANK LIMITED,Not disclosed,Not disclosed,0
Uttam Sugar Mills Limited,22,0,22
V-GUARD INDUSTRIES LIMITED,2145.92,1661.36,3807.28
V-MART RETAIL LIMITED,Not disclosed,Not disclosed,0
V.S.T TILLERS TRACTORS LIMITED,1764,1552,3316
V2 Retail Limited,14345.94,0,14345.94
VA TECH WABAG LIMITED,269,3505,3774
VADILAL INDUSTRIES LIMITED,0.14,15.07,15.21
Vaibhav Global Limited,113347.8,26247.94,139595.74
Vakrangee Limited,1552,0,1552
Valiant Organics Limited,Not disclosed,Not disclosed,0
VALOR ESTATE LIMITED,Not disclosed,Not disclosed,0
VARDHMAN ACRYLICS LIMITED,45401,140646,186047
Vardhman Holdings Limited,348977,762369,1111346
Vardhman Special Steels Limited,2157,100639,102796
Vardhman Textiles Limited,88224,352883,441107
Varroc Engineering Limited,7.58,906.29,913.87
Varun Beverages Limited,63324730,3594210,66918940
Vedant Fashions Limited,380,1194,1574
Vedanta Limited,1769,5605,7374
Veedol Corporation Limited,6780,9746,16526
Venky's (India) Limited,Not disclosed,Not disclosed,0
VENUS PIPES & TUBES LIMITED,8077,0,8077
VERANDA LEARNING SOLUTIONS LIMITED,2433.6,12707.89,15141.49
Vesuvius India Limited,15680,4339,20019
VIDHI SPECIALTY FOOD INGREDIENTS LIMITED,Not disclosed,Not disclosed,0
Vijaya Diagnostic Centre Limited,294797,23356,318153
Vinati Organics Limited,540.08,8964.26,9504.34
Vindhya Telelinks Limited,129,12012,12141
VIP INDUSTRIES LIMITED,1386,72770,74156
Visaka Industries Limited,17158,99592,116750
VISHAL MEGA MART LIMITED,306470.07,57527.84,363997.91
Vishnu Chemicals Limited,Not disclosed,Not disclosed,0
VISHNU PRAKASH R PUNGLIA LIMITED,5853.9,50039.3,55893.2
Vodafone Idea Limited,8537.88,336218.27,344756.15
Voltamp Transformers Limited,1258.36,3036.8,4295.16
Voltas Limited,2341.43,15722.03,18063.46
VRL LOGISTICS LIMITED,274255.01,9418.15,283673.16
VST Industries Limited,984.74,2322,3306.74
Waaree Energies Limited,357.13,93462.02,93819.15
Waaree Renewable Technologies Limited,313.4,213.8,527.2
WEBSOL ENERGY SYSTEM LIMITED,35.75,19656.23,19691.98
Welspun Corp Limited,1702995,265425,1968420
WELSPUN ENTERPRISES LIMITED,8548.5,1597.47,10145.97
Welspun Living Limited,256451,465706,722157
Wendt (India) Limited,220.14,2933.58,3153.72
West Coast Paper Mills Limited,482348,6303,488651
Westlife Foodworld Limited,14723.34,68334,83057.34
Wheels India Limited,21099,38957,60056
Whirlpool of India Limited,2215,19496,21711
Wipro Limited,8046,23416,31462
Wockhardt Limited,8738.84,61310.66,70049.5
Wonderla Holidays Limited,Not disclosed,Not disclosed,0
Xchanging Solutions Limited,Not disclosed,Not disclosed,0
Xpro India Limited,9062.56,27689.84,36752.4
Yasho Industries Limited,16270,15801,32071
YATHARTH HOSPITAL & TRAUMA CARE SERVICES LIMITED,Not disclosed,Not disclosed,0
Yatra Online Limited,0,980.76,980.76
YES Bank Limited,4585.69,29408.03,33993.72
Zaggle Prepaid Ocean Services Limited,0,130.67,130.67
Zee Entertainment Enterprises Limited,6065.1,8340.66,14405.76
Zee Media Corporation Limited,Not disclosed,Not disclosed,0
Zen Technologies Limited,39.39,552.92,592.31
ZENSAR TECHNOLOGIES LIMITED,469.12,1388.81,1857.93
ZF Commercial Vehicle Control Systems India Limited,1763,5891.92,7654.92
ZINKA LOGISTICS SOLUTIONS LIMITED,Not disclosed,Not disclosed,0
Zota Health Care Limited,Not disclosed,Not disclosed,0
Zydus Lifesciences Limited,56459.38,205171.57,261630.95
Zydus Wellness Limited,11343,10289,21632